ticker,cik,form,filingDate,accessionNumber,primaryDocument,doc_url
ABUS,0001447028,8-K,2026-01-16,0001171843-26-000303,f8k_011626.htm,https://www.sec.gov/Archives/edgar/data/1447028/000117184326000303/f8k_011626.htm
ADVB,0001941029,8-K,2026-01-27,0001213900-26-008254,ea0274255-8k_advanced.htm,https://www.sec.gov/Archives/edgar/data/1941029/000121390026008254/ea0274255-8k_advanced.htm
ADVB,0001941029,8-K,2026-01-21,0001213900-26-006281,ea027358501-8k_advanced.htm,https://www.sec.gov/Archives/edgar/data/1941029/000121390026006281/ea027358501-8k_advanced.htm
AEON,0001837607,8-K,2026-01-21,0001837607-26-000005,aeon-20260121x8k.htm,https://www.sec.gov/Archives/edgar/data/1837607/000183760726000005/aeon-20260121x8k.htm
ALLR,0001860657,8-K,2026-01-29,0001213900-26-009157,ea0274173-8k_allarity.htm,https://www.sec.gov/Archives/edgar/data/1860657/000121390026009157/ea0274173-8k_allarity.htm
ALXO,0001810182,8-K,2026-01-21,0001193125-26-018094,alxo-20260121.htm,https://www.sec.gov/Archives/edgar/data/1810182/000119312526018094/alxo-20260121.htm
AMRX,0001723128,8-K,2026-01-28,0001628280-26-003842,amrx-20260123.htm,https://www.sec.gov/Archives/edgar/data/1723128/000162828026003842/amrx-20260123.htm
ANEB,0001815974,8-K,2026-01-29,0001493152-26-004154,form8-k.htm,https://www.sec.gov/Archives/edgar/data/1815974/000149315226004154/form8-k.htm
ANEB,0001815974,8-K,2026-01-27,0001493152-26-003718,form8-k.htm,https://www.sec.gov/Archives/edgar/data/1815974/000149315226003718/form8-k.htm
ANTX,0001880438,8-K,2026-01-29,0001193125-26-029540,d84725d8k.htm,https://www.sec.gov/Archives/edgar/data/1880438/000119312526029540/d84725d8k.htm
ANVS,0001477845,8-K,2026-01-28,0001104659-26-007423,tm264292d1_8k.htm,https://www.sec.gov/Archives/edgar/data/1477845/000110465926007423/tm264292d1_8k.htm
APRE,0001781983,8-K,2026-01-29,0001104659-26-007988,tm264417d1_8k.htm,https://www.sec.gov/Archives/edgar/data/1781983/000110465926007988/tm264417d1_8k.htm
APRE,0001781983,8-K,2026-01-23,0001104659-26-006267,tm263963d1_8k.htm,https://www.sec.gov/Archives/edgar/data/1781983/000110465926006267/tm263963d1_8k.htm
ARMP,0000921114,8-K,2026-01-26,0001104659-26-006446,tm263967d1_8k.htm,https://www.sec.gov/Archives/edgar/data/921114/000110465926006446/tm263967d1_8k.htm
ARTL,0001621221,8-K,2026-01-16,0001640334-26-000109,artl_8k.htm,https://www.sec.gov/Archives/edgar/data/1621221/000164033426000109/artl_8k.htm
ATOS,0001488039,8-K,2026-01-26,0001193125-26-021727,atos-20260120.htm,https://www.sec.gov/Archives/edgar/data/1488039/000119312526021727/atos-20260120.htm
ATXS,0001454789,8-K,2026-01-23,0001104659-26-006228,tm263900d1_8k.htm,https://www.sec.gov/Archives/edgar/data/1454789/000110465926006228/tm263900d1_8k.htm
ATXS,0001454789,8-K,2026-01-21,0001104659-26-005368,tm263644d1_8k.htm,https://www.sec.gov/Archives/edgar/data/1454789/000110465926005368/tm263644d1_8k.htm
AVDL,0001012477,8-K,2026-01-20,0001104659-26-004698,tm263598d1_8k.htm,https://www.sec.gov/Archives/edgar/data/1012477/000110465926004698/tm263598d1_8k.htm
AYTU,0001385818,8-K,2026-01-20,0001437749-26-001543,aytu20260118_8k.htm,https://www.sec.gov/Archives/edgar/data/1385818/000143774926001543/aytu20260118_8k.htm
BBIO,0001743881,8-K,2026-01-21,0001140361-26-001843,ef20063486_8k.htm,https://www.sec.gov/Archives/edgar/data/1743881/000114036126001843/ef20063486_8k.htm
BCRX,0000882796,8-K,2026-01-23,0001140361-26-002200,ef20063492_8k.htm,https://www.sec.gov/Archives/edgar/data/882796/000114036126002200/ef20063492_8k.htm
BIOA,0001709941,8-K,2026-01-22,0001193125-26-019536,bioa-20260121.htm,https://www.sec.gov/Archives/edgar/data/1709941/000119312526019536/bioa-20260121.htm
BIOA,0001709941,8-K,2026-01-20,0001193125-26-016046,bioa-20260120.htm,https://www.sec.gov/Archives/edgar/data/1709941/000119312526016046/bioa-20260120.htm
BMRN,0001048477,8-K,2026-01-29,0001193125-26-029401,d170996d8k.htm,https://www.sec.gov/Archives/edgar/data/1048477/000119312526029401/d170996d8k.htm
BMRN,0001048477,8-K,2026-01-26,0001193125-26-021718,d100834d8k.htm,https://www.sec.gov/Archives/edgar/data/1048477/000119312526021718/d100834d8k.htm
BTAI,0001720893,8-K,2026-01-20,0001104659-26-004787,tm263511d1_8k.htm,https://www.sec.gov/Archives/edgar/data/1720893/000110465926004787/tm263511d1_8k.htm
BTMD,0001819253,8-K,2026-01-26,0001193125-26-022818,d39808d8k.htm,https://www.sec.gov/Archives/edgar/data/1819253/000119312526022818/d39808d8k.htm
CGTX,0001455365,8-K,2026-01-27,0001104659-26-006813,tm264096d1_8k.htm,https://www.sec.gov/Archives/edgar/data/1455365/000110465926006813/tm264096d1_8k.htm
CHRS,0001512762,8-K,2026-01-23,0001104659-26-006307,tm263459d2_8k.htm,https://www.sec.gov/Archives/edgar/data/1512762/000110465926006307/tm263459d2_8k.htm
CLDI,0001855485,8-K,2026-01-29,0001493152-26-004089,form8-k.htm,https://www.sec.gov/Archives/edgar/data/1855485/000149315226004089/form8-k.htm
COEP,0001759186,8-K,2026-01-16,0001683168-26-000370,coeptis_8k.htm,https://www.sec.gov/Archives/edgar/data/1759186/000168316826000370/coeptis_8k.htm
CORT,0001088856,8-K,2026-01-22,0001193125-26-018704,d96058d8k.htm,https://www.sec.gov/Archives/edgar/data/1088856/000119312526018704/d96058d8k.htm
COYA,0001835022,8-K,2026-01-20,0001193125-26-016017,d48170d8k.htm,https://www.sec.gov/Archives/edgar/data/1835022/000119312526016017/d48170d8k.htm
CRDF,0001213037,8-K,2026-01-27,0001193125-26-024375,crdf-20260127.htm,https://www.sec.gov/Archives/edgar/data/1213037/000119312526024375/crdf-20260127.htm
CRNX,0001658247,8-K,2026-01-26,0001658247-26-000003,crnx-20260120.htm,https://www.sec.gov/Archives/edgar/data/1658247/000165824726000003/crnx-20260120.htm
CRVS,0001626971,8-K,2026-01-23,0001104659-26-005968,tm263501d7_8k.htm,https://www.sec.gov/Archives/edgar/data/1626971/000110465926005968/tm263501d7_8k.htm
CRVS,0001626971,8-K,2026-01-20,0001104659-26-005035,tm263501d3_8k.htm,https://www.sec.gov/Archives/edgar/data/1626971/000110465926005035/tm263501d3_8k.htm
CRVS,0001626971,8-K,2026-01-20,0001104659-26-004795,tm263501d4_8k.htm,https://www.sec.gov/Archives/edgar/data/1626971/000110465926004795/tm263501d4_8k.htm
CTNM,0001855175,8-K,2026-01-26,0001437749-26-002072,ctnm20260121_8k.htm,https://www.sec.gov/Archives/edgar/data/1855175/000143774926002072/ctnm20260121_8k.htm
DARE,0001401914,8-K,2026-01-29,0001493152-26-004245,form8-k.htm,https://www.sec.gov/Archives/edgar/data/1401914/000149315226004245/form8-k.htm
DFTX,0001813814,8-K,2026-01-29,0001193125-26-028186,dftx-20260128.htm,https://www.sec.gov/Archives/edgar/data/1813814/000119312526028186/dftx-20260128.htm
DRMA,0001853816,8-K,2026-01-27,0001493152-26-003715,form8-k.htm,https://www.sec.gov/Archives/edgar/data/1853816/000149315226003715/form8-k.htm
DWTX,0001818844,8-K,2026-01-20,0001104659-26-004838,dwtx-20260120x8k.htm,https://www.sec.gov/Archives/edgar/data/1818844/000110465926004838/dwtx-20260120x8k.htm
EKSO,0001549084,8-K,2026-01-22,0001437749-26-001774,ekso20260122_8k.htm,https://www.sec.gov/Archives/edgar/data/1549084/000143774926001774/ekso20260122_8k.htm
ENVB,0000890821,8-K,2026-01-28,0001493152-26-004055,form8-k.htm,https://www.sec.gov/Archives/edgar/data/890821/000149315226004055/form8-k.htm
FDMT,0001650648,8-K,2026-01-26,0001193125-26-022559,fdmt-20260122.htm,https://www.sec.gov/Archives/edgar/data/1650648/000119312526022559/fdmt-20260122.htm
FOLD,0001178879,8-K,2026-01-26,0001140361-26-002299,ef20063881_8k.htm,https://www.sec.gov/Archives/edgar/data/1178879/000114036126002299/ef20063881_8k.htm
GALT,0001133416,8-K,2026-01-21,0001140361-26-001866,ef20063365_8k.htm,https://www.sec.gov/Archives/edgar/data/1133416/000114036126001866/ef20063365_8k.htm
GRI,0001824293,8-K,2026-01-28,0001824293-26-000017,val-20260128.htm,https://www.sec.gov/Archives/edgar/data/1824293/000182429326000017/val-20260128.htm
GRI,0001824293,8-K,2026-01-21,0001824293-26-000014,val-20260121.htm,https://www.sec.gov/Archives/edgar/data/1824293/000182429326000014/val-20260121.htm
GRI,0001824293,8-K,2026-01-16,0001824293-26-000011,val-20260115.htm,https://www.sec.gov/Archives/edgar/data/1824293/000182429326000011/val-20260115.htm
HALO,0001159036,8-K,2026-01-28,0001159036-26-000011,halo-20260128.htm,https://www.sec.gov/Archives/edgar/data/1159036/000115903626000011/halo-20260128.htm
HBIO,0001123494,8-K,2026-01-29,0001171843-26-000516,f8k_012326.htm,https://www.sec.gov/Archives/edgar/data/1123494/000117184326000516/f8k_012326.htm
HBIO,0001123494,8-K,2026-01-20,0001171843-26-000343,f8k_012026.htm,https://www.sec.gov/Archives/edgar/data/1123494/000117184326000343/f8k_012026.htm
HOTH,0001711786,8-K,2026-01-16,0001213900-26-004899,ea0272968-8k_hoth.htm,https://www.sec.gov/Archives/edgar/data/1711786/000121390026004899/ea0272968-8k_hoth.htm
IBRX,0001326110,8-K,2026-01-26,0001326110-26-000014,ibrx-20260123.htm,https://www.sec.gov/Archives/edgar/data/1326110/000132611026000014/ibrx-20260123.htm
INBS,0001725430,8-K,2026-01-28,0001493152-26-004068,form8-k.htm,https://www.sec.gov/Archives/edgar/data/1725430/000149315226004068/form8-k.htm
INDP,0001857044,8-K,2026-01-20,0001493152-26-002850,form8-k.htm,https://www.sec.gov/Archives/edgar/data/1857044/000149315226002850/form8-k.htm
INMB,0001711754,8-K,2026-01-27,0001213900-26-008204,ea0274317-8k_inmune.htm,https://www.sec.gov/Archives/edgar/data/1711754/000121390026008204/ea0274317-8k_inmune.htm
INO,0001055726,8-K,2026-01-27,0001193125-26-024431,d63939d8k.htm,https://www.sec.gov/Archives/edgar/data/1055726/000119312526024431/d63939d8k.htm
IOBT,0001865494,8-K,2026-01-21,0001193125-26-017164,d26457d8k.htm,https://www.sec.gov/Archives/edgar/data/1865494/000119312526017164/d26457d8k.htm
IPSC,0001850119,8-K,2026-01-23,0001104659-26-006236,tm263921d1_8k.htm,https://www.sec.gov/Archives/edgar/data/1850119/000110465926006236/tm263921d1_8k.htm
JANX,0001817713,8-K,2026-01-22,0001193125-26-019520,janx-20260121.htm,https://www.sec.gov/Archives/edgar/data/1817713/000119312526019520/janx-20260121.htm
KALA,0001479419,8-K,2026-01-23,0001829126-26-000502,kalabio_8k.htm,https://www.sec.gov/Archives/edgar/data/1479419/000182912626000502/kalabio_8k.htm
KRRO,0001703647,8-K,2026-01-27,0001193125-26-023436,krro-20260127.htm,https://www.sec.gov/Archives/edgar/data/1703647/000119312526023436/krro-20260127.htm
KTTA,0001841330,8-K,2026-01-28,0001213900-26-008828,ea0274244-8k_pasithea.htm,https://www.sec.gov/Archives/edgar/data/1841330/000121390026008828/ea0274244-8k_pasithea.htm
KURA,0001422143,8-K,2026-01-29,0001193125-26-029705,d18498d8k.htm,https://www.sec.gov/Archives/edgar/data/1422143/000119312526029705/d18498d8k.htm
LEXX,0001348362,8-K,2026-01-28,0001640334-26-000162,lxrp_8k.htm,https://www.sec.gov/Archives/edgar/data/1348362/000164033426000162/lxrp_8k.htm
LFCR,0001005286,8-K,2026-01-16,0001628280-26-002400,lfcr-20260114.htm,https://www.sec.gov/Archives/edgar/data/1005286/000162828026002400/lfcr-20260114.htm
LIMN,0001971387,8-K,2026-01-26,0001104659-26-006619,tm264095d1_8k.htm,https://www.sec.gov/Archives/edgar/data/1971387/000110465926006619/tm264095d1_8k.htm
LRMR,0001374690,8-K,2026-01-22,0001193125-26-018664,d27699d8k.htm,https://www.sec.gov/Archives/edgar/data/1374690/000119312526018664/d27699d8k.htm
LSTA,0000320017,8-K,2026-01-27,0000320017-26-000008,clbs-20260127.htm,https://www.sec.gov/Archives/edgar/data/320017/000032001726000008/clbs-20260127.htm
LSTA,0000320017,8-K,2026-01-21,0000320017-26-000006,clbs-20260120.htm,https://www.sec.gov/Archives/edgar/data/320017/000032001726000006/clbs-20260120.htm
LTRN,0001763950,8-K,2026-01-23,0001493152-26-003314,form8-k.htm,https://www.sec.gov/Archives/edgar/data/1763950/000149315226003314/form8-k.htm
LXEO,0001907108,8-K,2026-01-27,0001193125-26-023339,lxeo-20260127.htm,https://www.sec.gov/Archives/edgar/data/1907108/000119312526023339/lxeo-20260127.htm
LXRX,0001062822,8-K,2026-01-29,0001193125-26-029514,d61153d8k.htm,https://www.sec.gov/Archives/edgar/data/1062822/000119312526029514/d61153d8k.htm
MAIA,0001878313,8-K,2026-01-20,0001493152-26-002883,form8-k.htm,https://www.sec.gov/Archives/edgar/data/1878313/000149315226002883/form8-k.htm
MBRX,0001659617,8-K,2026-01-20,0001437749-26-001484,mbrx20260113_8k.htm,https://www.sec.gov/Archives/edgar/data/1659617/000143774926001484/mbrx20260113_8k.htm
MBX,0001776111,8-K,2026-01-22,0001193125-26-018700,mbx-20260120.htm,https://www.sec.gov/Archives/edgar/data/1776111/000119312526018700/mbx-20260120.htm
MIRM,0001759425,8-K,2026-01-26,0001193125-26-022582,d35336d8k.htm,https://www.sec.gov/Archives/edgar/data/1759425/000119312526022582/d35336d8k.htm
MIST,0001408443,8-K,2026-01-26,0001104659-26-006483,tm263973d1_8k.htm,https://www.sec.gov/Archives/edgar/data/1408443/000110465926006483/tm263973d1_8k.htm
MTNB,0001582554,8-K,2026-01-23,0001493152-26-003445,form8-k.htm,https://www.sec.gov/Archives/edgar/data/1582554/000149315226003445/form8-k.htm
NBY,0001389545,8-K,2026-01-28,0001437749-26-002309,nby20260127_8k.htm,https://www.sec.gov/Archives/edgar/data/1389545/000143774926002309/nby20260127_8k.htm
NBY,0001389545,8-K,2026-01-20,0001437749-26-001490,nby20260120_8k.htm,https://www.sec.gov/Archives/edgar/data/1389545/000143774926001490/nby20260120_8k.htm
NBY,0001389545,8-K,2026-01-16,0001437749-26-001459,nby20260116_8k.htm,https://www.sec.gov/Archives/edgar/data/1389545/000143774926001459/nby20260116_8k.htm
NKTR,0000906709,8-K,2026-01-27,0001213900-26-008210,ea0274309-8k_nektar.htm,https://www.sec.gov/Archives/edgar/data/906709/000121390026008210/ea0274309-8k_nektar.htm
NRIX,0001549595,8-K,2026-01-28,0001549595-26-000013,nrix-20260128.htm,https://www.sec.gov/Archives/edgar/data/1549595/000154959526000013/nrix-20260128.htm
NRXP,0001719406,8-K,2026-01-16,0001437749-26-001455,nrxp20260115_8k.htm,https://www.sec.gov/Archives/edgar/data/1719406/000143774926001455/nrxp20260115_8k.htm
NTLA,0001652130,8-K,2026-01-27,0001193125-26-023387,d29201d8k.htm,https://www.sec.gov/Archives/edgar/data/1652130/000119312526023387/d29201d8k.htm
OCUL,0001393434,8-K,2026-01-23,0001104659-26-006015,tm263902d1_8k.htm,https://www.sec.gov/Archives/edgar/data/1393434/000110465926006015/tm263902d1_8k.htm
PCRX,0001396814,8-K,2026-01-28,0001628280-26-003717,pcrx-20260127.htm,https://www.sec.gov/Archives/edgar/data/1396814/000162828026003717/pcrx-20260127.htm
PDSB,0001472091,8-K,2026-01-28,0001140361-26-002608,ef20064069_8k.htm,https://www.sec.gov/Archives/edgar/data/1472091/000114036126002608/ef20064069_8k.htm
PDSB,0001472091,8-K,2026-01-22,0001140361-26-001958,ef20063617_8k.htm,https://www.sec.gov/Archives/edgar/data/1472091/000114036126001958/ef20063617_8k.htm
PHIO,0001533040,8-K,2026-01-20,0001437749-26-001500,phio20260113_8k.htm,https://www.sec.gov/Archives/edgar/data/1533040/000143774926001500/phio20260113_8k.htm
PSTV,0001095981,8-K,2026-01-22,0001193125-26-018675,d90055d8k.htm,https://www.sec.gov/Archives/edgar/data/1095981/000119312526018675/d90055d8k.htm
PSTV,0001095981,8-K,2026-01-16,0001193125-26-015346,d65677d8k.htm,https://www.sec.gov/Archives/edgar/data/1095981/000119312526015346/d65677d8k.htm
PVLA,0001583648,8-K,2026-01-29,0001193125-26-029341,pvla-20260129.htm,https://www.sec.gov/Archives/edgar/data/1583648/000119312526029341/pvla-20260129.htm
QNCX,0001662774,8-K,2026-01-29,0001193125-26-029524,d61547d8k.htm,https://www.sec.gov/Archives/edgar/data/1662774/000119312526029524/d61547d8k.htm
RAPT,0001673772,8-K,2026-01-20,0001193125-26-015882,d12800d8k.htm,https://www.sec.gov/Archives/edgar/data/1673772/000119312526015882/d12800d8k.htm
REVB,0001810560,8-K,2026-01-29,0001193125-26-027742,revb-20260126.htm,https://www.sec.gov/Archives/edgar/data/1810560/000119312526027742/revb-20260126.htm
REVB,0001810560,8-K,2026-01-22,0001193125-26-018332,revb-20260121.htm,https://www.sec.gov/Archives/edgar/data/1810560/000119312526018332/revb-20260121.htm
RGNX,0001590877,8-K,2026-01-28,0001193125-26-026139,rgnx-20260123.htm,https://www.sec.gov/Archives/edgar/data/1590877/000119312526026139/rgnx-20260123.htm
RLYB,0001739410,8-K,2026-01-29,0001739410-26-000010,rlyb-20260126.htm,https://www.sec.gov/Archives/edgar/data/1739410/000173941026000010/rlyb-20260126.htm
RNTX,0001420565,8-K,2026-01-16,0001193125-26-015524,d80335d8k.htm,https://www.sec.gov/Archives/edgar/data/1420565/000119312526015524/d80335d8k.htm
RPTX,0001808158,8-K,2026-01-28,0001193125-26-027394,d95398d8k.htm,https://www.sec.gov/Archives/edgar/data/1808158/000119312526027394/d95398d8k.htm
RPTX,0001808158,8-K,2026-01-16,0001193125-26-015507,d14040d8k.htm,https://www.sec.gov/Archives/edgar/data/1808158/000119312526015507/d14040d8k.htm
RVPH,0001742927,8-K,2026-01-23,0001437749-26-001913,rvph20260122_8k.htm,https://www.sec.gov/Archives/edgar/data/1742927/000143774926001913/rvph20260122_8k.htm
SER,0001708599,8-K,2026-01-28,0001708599-26-000005,ser-20260127.htm,https://www.sec.gov/Archives/edgar/data/1708599/000170859926000005/ser-20260127.htm
SLNO,0001484565,8-K,2026-01-23,0001193125-26-021229,d93569d8k.htm,https://www.sec.gov/Archives/edgar/data/1484565/000119312526021229/d93569d8k.htm
SMMT,0001599298,8-K,2026-01-29,0001599298-26-000006,smmt-20260129.htm,https://www.sec.gov/Archives/edgar/data/1599298/000159929826000006/smmt-20260129.htm
SNOA,0001367083,8-K,2026-01-28,0001683168-26-000589,sonoma_8k.htm,https://www.sec.gov/Archives/edgar/data/1367083/000168316826000589/sonoma_8k.htm
STOK,0001623526,8-K,2026-01-26,0001193125-26-022569,d100412d8k.htm,https://www.sec.gov/Archives/edgar/data/1623526/000119312526022569/d100412d8k.htm
SUPN,0001356576,8-K,2026-01-28,0001628280-26-003907,supn-20260128.htm,https://www.sec.gov/Archives/edgar/data/1356576/000162828026003907/supn-20260128.htm
SXTP,0001946563,8-K,2026-01-23,0001213900-26-007330,ea0273809-8k_60degrees.htm,https://www.sec.gov/Archives/edgar/data/1946563/000121390026007330/ea0273809-8k_60degrees.htm
SXTP,0001946563,8-K,2026-01-21,0001213900-26-006179,ea0273440-8k_60degrees.htm,https://www.sec.gov/Archives/edgar/data/1946563/000121390026006179/ea0273440-8k_60degrees.htm
TERN,0001831363,8-K,2026-01-22,0001193125-26-019426,d10827d8k.htm,https://www.sec.gov/Archives/edgar/data/1831363/000119312526019426/d10827d8k.htm
TPST,0001544227,8-K,2026-01-28,0001193125-26-027203,d70064d8k.htm,https://www.sec.gov/Archives/edgar/data/1544227/000119312526027203/d70064d8k.htm
TRAW,0001130598,8-K,2026-01-26,0001104659-26-006460,tm264027d1_8k.htm,https://www.sec.gov/Archives/edgar/data/1130598/000110465926006460/tm264027d1_8k.htm
TVRD,0001346830,8-K,2026-01-16,0001104659-26-004273,tm263373d1_8k.htm,https://www.sec.gov/Archives/edgar/data/1346830/000110465926004273/tm263373d1_8k.htm
TXMD,0000025743,8-K,2026-01-21,0001213900-26-005779,ea0273436-8k_therapeu.htm,https://www.sec.gov/Archives/edgar/data/25743/000121390026005779/ea0273436-8k_therapeu.htm
VTYX,0001851194,8-K,2026-01-22,0001193125-26-019453,d36232d8k.htm,https://www.sec.gov/Archives/edgar/data/1851194/000119312526019453/d36232d8k.htm
VVOS,0001716166,8-K,2026-01-20,0001493152-26-002844,form8-k.htm,https://www.sec.gov/Archives/edgar/data/1716166/000149315226002844/form8-k.htm
VVOS,0001716166,8-K,2026-01-16,0001493152-26-002557,form8-k.htm,https://www.sec.gov/Archives/edgar/data/1716166/000149315226002557/form8-k.htm
ZURA,0001855644,8-K,2026-01-26,0001104659-26-006326,tm263758d1_8k.htm,https://www.sec.gov/Archives/edgar/data/1855644/000110465926006326/tm263758d1_8k.htm
